Type,#,Description,Value,Type,Max,Help
CC,0,"GM Controller, Bank",0,"Track",127,"GM Controller, Bank, Track Editor"
CC,1,"GM Controller, Modulation",0,"Track",127,"GM Controller, Modulation, Track Editor"
CC,2,"GM Controller, Breath Cont.",0,"Track",127,"GM Controller, Breath Cont., Track Editor"
CC,3,"GM Controller, Contr. 3",0,"Track",127,"GM Controller, Contr. 3, Track Editor"
CC,4,"GM Controller, Foot Contr.",64,"Track",127,"GM Controller, Foot Contr., Track Editor"
CC,5,"GM Controller, Port. time",0,"Track",127,"GM Controller, Port. time, Track Editor"
CC,6,"MIDI, Data MSB",0,"Ignore",127,"MIDI, Data MSB, Ignore Editor"
CC,7,"GM Controller, Main Volume",127,"Track",127,"GM Controller, Main Volume, Track Editor"
CC,8,"GM Controller, Balance",64,"Track",127,"GM Controller, Balance, Track Editor"
CC,9,"GM Controller, Contr. 9",0,"Track",127,"GM Controller, Contr. 9, Track Editor"
CC,10,"GM Controller, Panorama",64,"Track",127,"GM Controller, Panorama, Track Editor"
CC,11,"GM Controller, Expression",64,"Track",127,"GM Controller, Expression, Track Editor"
CC,12,"GM Controller, Eff. Cont. 1",0,"Track",127,"GM Controller, Eff. Cont. 1, Track Editor"
CC,13,"GM Controller, Eff. Cont. 2",0,"Track",127,"GM Controller, Eff. Cont. 2, Track Editor"
CC,14,"GM Controller, Contr. 14",0,"Track",127,"GM Controller, Contr. 14, Track Editor"
CC,15,"GM Controller, Contr. 15",0,"Track",127,"GM Controller, Contr. 15, Track Editor"
CC,16,"GM Controller, GP Contr. 1",0,"Track",127,"GM Controller, GP Contr. 1, Track Editor"
CC,17,"GM Controller, GP Contr. 2",0,"Track",127,"GM Controller, GP Contr. 2, Track Editor"
CC,18,"GM Controller, GP Contr. 3",0,"Track",127,"GM Controller, GP Contr. 3, Track Editor"
CC,19,"GM Controller, GP Contr. 4",0,"Track",127,"GM Controller, GP Contr. 4, Track Editor"
CC,20,"GM Controller, Pattern Cont",0,"Track",127,"GM Controller, Pattern Cont, Track Editor"
CC,21,"GM Controller, Play Select",0,"Track",127,"GM Controller, Play Select, Track Editor"
CC,22,"GM Controller, Chord mode",0,"Track",127,"GM Controller, Chord mode, Track Editor"
CC,23,"GM Controller, Retrigger mode",0,"Track",127,"GM Controller, Retrigger mode, Track Editor"
CC,24,"GM Controller, Lowest Note",0,"Track",127,"GM Controller, Lowest Note, Track Editor"
CC,25,"GM Controller, Highest Note",127,"Track",127,"GM Controller, Highest Note, Track Editor"
CC,26,"GM Controller, Submix Sel.",0,"Track",127,"GM Controller, Submix Sel., Track Editor"
CC,27,"GM Controller, Contr. 27",0,"Track",127,"GM Controller, Contr. 27, Track Editor"
CC,28,"GM Controller, Hawaii (28)",0,"Track",127,"GM Controller, Hawaii (28), Track Editor"
CC,29,"GM Controller, Rotor FX(29)",0,"Track",127,"GM Controller, Rotor FX(29), Track Editor"
CC,30,"GM Controller, Swell (30)",64,"Track",127,"GM Controller, Swell (30), Track Editor"
CC,31,"GM Controller, Contr. 31",0,"Track",127,"GM Controller, Contr. 31, Track Editor"
CC,32,"GM Controller, LSB (0)",0,"Track",127,"GM Controller, LSB (0), Track Editor"
CC,33,"GM Controller, LSB (1)",0,"Track",127,"GM Controller, LSB (1), Track Editor"
CC,34,"GM Controller, LSB (2)",0,"Track",127,"GM Controller, LSB (2), Track Editor"
CC,35,"GM Controller, LSB (3)",0,"Track",127,"GM Controller, LSB (3), Track Editor"
CC,36,"GM Controller, LSB (4)",0,"Track",127,"GM Controller, LSB (4), Track Editor"
CC,37,"GM Controller, LSB (5)",0,"Track",127,"GM Controller, LSB (5), Track Editor"
CC,38,"GM Controller, LSB (6)",0,"Track",127,"GM Controller, LSB (6), Track Editor"
CC,39,"GM Controller, LSB (7)",0,"Track",127,"GM Controller, LSB (7), Track Editor"
CC,40,"GM Controller, LSB (8)",0,"Track",127,"GM Controller, LSB (8), Track Editor"
CC,41,"GM Controller, LSB (9)",0,"Track",127,"GM Controller, LSB (9), Track Editor"
CC,42,"GM Controller, LSB (10)",0,"Track",127,"GM Controller, LSB (10), Track Editor"
CC,43,"GM Controller, LSB (11)",0,"Track",127,"GM Controller, LSB (11), Track Editor"
CC,44,"GM Controller, LSB (12)",0,"Track",127,"GM Controller, LSB (12), Track Editor"
CC,45,"GM Controller, LSB (13)",0,"Track",127,"GM Controller, LSB (13), Track Editor"
CC,46,"GM Controller, LSB (14)",0,"Track",127,"GM Controller, LSB (14), Track Editor"
CC,47,"GM Controller, LSB (15)",0,"Track",127,"GM Controller, LSB (15), Track Editor"
CC,48,"GM Controller, LSB (16)",0,"Track",127,"GM Controller, LSB (16), Track Editor"
CC,49,"GM Controller, LSB (17)",0,"Track",127,"GM Controller, LSB (17), Track Editor"
CC,50,"GM Controller, LSB (18)",0,"Track",127,"GM Controller, LSB (18), Track Editor"
CC,51,"GM Controller, LSB (19)",0,"Track",127,"GM Controller, LSB (19), Track Editor"
CC,52,"GM Controller, LSB (20)",0,"Track",127,"GM Controller, LSB (20), Track Editor"
CC,53,"GM Controller, LSB (21)",0,"Track",127,"GM Controller, LSB (21), Track Editor"
CC,54,"GM Controller, LSB (22)",0,"Track",127,"GM Controller, LSB (22), Track Editor"
CC,55,"GM Controller, LSB (23)",0,"Track",127,"GM Controller, LSB (23), Track Editor"
CC,56,"GM Controller, LSB (24)",0,"Track",127,"GM Controller, LSB (24), Track Editor"
CC,57,"GM Controller, LSB (25)",0,"Track",127,"GM Controller, LSB (25), Track Editor"
CC,58,"GM Controller, LSB (26)",0,"Track",127,"GM Controller, LSB (26), Track Editor"
CC,59,"GM Controller, LSB (27)",0,"Track",127,"GM Controller, LSB (27), Track Editor"
CC,60,"GM Controller, LSB (28)",0,"Track",127,"GM Controller, LSB (28), Track Editor"
CC,61,"GM Controller, LSB (29)",0,"Track",127,"GM Controller, LSB (29), Track Editor"
CC,62,"GM Controller, LSB (30)",0,"Track",127,"GM Controller, LSB (30), Track Editor"
CC,63,"GM Controller, LSB (31)",0,"Track",127,"GM Controller, LSB (31), Track Editor"
CC,64,"GM Controller, Damper pedal",0,"Button",127,"GM Controller, Damper pedal, Button Editor"
CC,65,"GM Controller, Portamento",0,"Button",127,"GM Controller, Portamento, Button Editor"
CC,66,"GM Controller, Sostenuto",0,"Button",127,"GM Controller, Sostenuto, Button Editor"
CC,67,"GM Controller, Soft pedal",0,"Button",127,"GM Controller, Soft pedal, Button Editor"
CC,68,"GM Controller, Legato Ftsw.",0,"Button",127,"GM Controller, Legato Ftsw., Button Editor"
CC,69,"GM Controller, Hold 2",0,"Button",127,"GM Controller, Hold 2, Button Editor"
CC,70,"GM Controller, Snd 1 Var.",0,"Track",127,"GM Controller, Snd 1 Var., Track Editor"
CC,71,"GM Controller, Snd 2 Harm.",0,"Track",127,"GM Controller, Snd 2 Harm., Track Editor"
CC,72,"GM Controller, Snd 3 Rel.",0,"Track",127,"GM Controller, Snd 3 Rel., Track Editor"
CC,73,"GM Controller, Snd 4 Attack",0,"Track",127,"GM Controller, Snd 4 Attack, Track Editor"
CC,74,"GM Controller, Snd 5 Bright",0,"Track",127,"GM Controller, Snd 5 Bright, Track Editor"
CC,75,"GM Controller, Intro/Ending",0,"Track",127,"GM Controller, Intro/Ending, Track Editor"
CC,76,"GM Controller, Fill",0,"Track",127,"GM Controller, Fill, Track Editor"
CC,77,"GM Controller, Snd Contr. 8",0,"Track",127,"GM Controller, Snd Contr. 8, Track Editor"
CC,78,"GM Controller, Snd Contr. 9",0,"Track",127,"GM Controller, Snd Contr. 9, Track Editor"
CC,79,"GM Controller, Break",0,"Button",127,"GM Controller, Break, Button Editor"
CC,80,"GM Controller, GP Contr. 5",0,"Track",127,"GM Controller, GP Contr. 5, Track Editor"
CC,81,"GM Controller, GP Contr. 6",0,"Track",127,"GM Controller, GP Contr. 6, Track Editor"
CC,82,"GM Controller, GP Contr. 7",0,"Track",127,"GM Controller, GP Contr. 7, Track Editor"
CC,83,"GM Controller, GP Contr. 8",0,"Track",127,"GM Controller, GP Contr. 8, Track Editor"
CC,84,"GM Controller, Port. Cont.",0,"Track",127,"GM Controller, Port. Cont., Track Editor"
CC,85,"GM Controller, Mono Cont.",0,"Track",127,"GM Controller, Mono Cont., Track Editor"
CC,86,"GM Controller, Contr. 86",0,"Track",127,"GM Controller, Contr. 86, Track Editor"
CC,87,"GM Controller, Dyn.Offs.(87)",0,"Track",127,"GM Controller, Dyn.Offs.(87), Track Editor"
CC,88,"GM Controller, Dyn.Amp.(88)",0,"Track",127,"GM Controller, Dyn.Amp.(88), Track Editor"
CC,89,"GM Controller, Dyn.Min.(89)",0,"Track",127,"GM Controller, Dyn.Min.(89), Track Editor"
CC,90,"GM Controller, Dyn.Max.(90)",127,"Track",127,"GM Controller, Dyn.Max.(90), Track Editor"
CC,91,"GM Controller, Ext.Eff.Dep.",64,"Track",127,"GM Controller, Ext.Eff.Dep., Track Editor"
CC,92,"GM Controller, Tremolo Dep.",0,"Track",127,"GM Controller, Tremolo Dep., Track Editor"
CC,93,"GM Controller, Chorus Dep.",0,"Track",127,"GM Controller, Chorus Dep., Track Editor"
CC,94,"GM Controller, Celeste Dep.",0,"Track",127,"GM Controller, Celeste Dep., Track Editor"
CC,95,"GM Controller, Phaser Dep.",0,"Track",127,"GM Controller, Phaser Dep., Track Editor"
CC,96,"GM Controller, Data incr.",0,"Trigger",127,"GM Controller, Data incr., Trigger Editor"
CC,97,"GM Controller, Data decr.",0,"Trigger",127,"GM Controller, Data decr., Trigger Editor"
CC,98,"MIDI, NPRN LSB",0,"Ignore",127,"MIDI, NPRN LSB, Ignore Editor"
CC,99,"MIDI, NPRN MSB",0,"Ignore",127,"MIDI, NPRN MSB, Ignore Editor"
CC,100,"MIDI, RPN LSB",0,"Ignore",127,"MIDI, RPN LSB, Ignore Editor"
CC,101,"MIDI, RPN MSB",0,"Ignore",127,"MIDI, RPN MSB, Ignore Editor"
CC,102,"GM Controller, Contr. 102",0,"Track",127,"GM Controller, Contr. 102, Track Editor"
CC,103,"GM Controller, Contr. 103",0,"Track",127,"GM Controller, Contr. 103, Track Editor"
CC,104,"GM Controller, Contr. 104",0,"Track",127,"GM Controller, Contr. 104, Track Editor"
CC,105,"GM Controller, Contr. 105",0,"Track",127,"GM Controller, Contr. 105, Track Editor"
CC,106,"GM Controller, Contr. 106",0,"Track",127,"GM Controller, Contr. 106, Track Editor"
CC,107,"GM Controller, Contr. 107",0,"Track",127,"GM Controller, Contr. 107, Track Editor"
CC,108,"GM Controller, Contr. 108",0,"Track",127,"GM Controller, Contr. 108, Track Editor"
CC,109,"GM Controller, Contr. 109",0,"Track",127,"GM Controller, Contr. 109, Track Editor"
CC,110,"GM Controller, Contr. 110",0,"Track",127,"GM Controller, Contr. 110, Track Editor"
CC,111,"GM Controller, Contr. 111",0,"Track",127,"GM Controller, Contr. 111, Track Editor"
CC,112,"GM Controller, Contr. 112",0,"Track",127,"GM Controller, Contr. 112, Track Editor"
CC,113,"GM Controller, Contr. 113",0,"Track",127,"GM Controller, Contr. 113, Track Editor"
CC,114,"GM Controller, Contr. 114",0,"Track",127,"GM Controller, Contr. 114, Track Editor"
CC,115,"GM Controller, Contr. 115",0,"Track",127,"GM Controller, Contr. 115, Track Editor"
CC,116,"GM Controller, Contr. 116",0,"Track",127,"GM Controller, Contr. 116, Track Editor"
CC,117,"GM Controller, Contr. 117",0,"Track",127,"GM Controller, Contr. 117, Track Editor"
CC,118,"GM Controller, Contr. 118",0,"Track",127,"GM Controller, Contr. 118, Track Editor"
CC,119,"GM Controller, Contr. 119",0,"Track",127,"GM Controller, Contr. 119, Track Editor"
CC,120,"MIDI, All Snd off",0,"Ignore",127,"MIDI, All Snd off, Ignore Editor"
CC,121,"MIDI, Res. all Ct.",0,"Ignore",127,"MIDI, Res. all Ct., Ignore Editor"
CC,122,"MIDI, Local Contr.",0,"Ignore",127,"MIDI, Local Contr., Ignore Editor"
CC,123,"MIDI, A. Notes Off",0,"Ignore",127,"MIDI, A. Notes Off, Ignore Editor"
CC,124,"MIDI, OmniMode On",0,"Ignore",127,"MIDI, OmniMode On, Ignore Editor"
CC,125,"MIDI, OmniMode Off",127,"Ignore",127,"MIDI, OmniMode Off, Ignore Editor"
CC,126,"MIDI, MonoMode On",0,"Ignore",127,"MIDI, MonoMode On, Ignore Editor"
CC,127,"MIDI, PolyMode On",127,"Ignore",127,"MIDI, PolyMode On, Ignore Editor"
RPN,$0000,"Pitch bend sensitivity in semitones",2,"None",63,"Pitch bend sensitivity in semitones (default=2) MIDI/GM"
RPN,$0001,"Fine tuning in cents",64,"None",127,"Fine tuning in cents (vv=00 -100, vv=40h 0, vv=7Fh +100 MIDI"
RPN,$0002,"Coarse tuning in half-tones",64,"None",127,"Coarse tuning in half-tones (vv=00 -64, vv=40h 0, vv=7Fh +64 MIDI"
